{
  "id": 1,
  "img_name": "cam01",
  "width": 1600,
  "height": 1200,
  "position": [
    5.60242353215489,
    -0.9689182381485658,
    0.1622443583334696
  ],
  "rotation": [
    [
      0.9184463651550742,
      -0.03156237998571308,
      -0.39428427625644585
    ],
    [
      0.03270982444393057,
      0.9994576206409918,
      -0.003812076533129173
    ],
    [
      0.39419074281149613,
      -0.00939578162180512,
      0.9189806187126235
    ]
  ],
  "fy": 876.90487504022,
  "fx": 875.136053282434
}