{
  "id": 0,
  "img_name": "cam00",
  "width": 1600,
  "height": 1200,
  "position": [
    0.42322314089662016,
    -1.111841597755848,
    -0.33023852952597527
  ],
  "rotation": [
    [
      0.9791842500218016,
      -0.02491264519779819,
      0.2014387366384393
    ],
    [
      0.023447852063696196,
      0.9996784390623158,
      0.00965487998530544
    ],
    [
      -0.2016144904089012,
      -0.004730600720865823,
      0.9794535306353125
    ]
  ],
  "fy": 877.9232149110536,
  "fx": 880.6371701155331
}